Date,Sales,Type,ARIMA_Forecast,Prophet_Forecast
2020-01-01,1099.3428306022465,Historical,,
2020-01-02,983.2201067955217,Historical,,
2020-01-03,1151.281091335194,Historical,,
2020-01-04,1337.2146717487562,Historical,,
2020-01-05,996.6356942638581,Historical,,
2020-01-06,1007.4864527380939,Historical,,
2020-01-07,1380.991145536244,Historical,,
2020-01-08,1229.4549909431478,Historical,,
2020-01-09,992.8748204843728,Historical,,
2020-01-10,1206.0630196159057,Historical,,
2020-01-11,1015.6259230466601,Historical,,
2020-01-12,1025.8965826778256,Historical,,
2020-01-13,1178.1401716696128,Historical,,
2020-01-14,757.7664639444608,Historical,,
2020-01-15,806.0808618261475,Historical,,
2020-01-16,1049.2134759875194,Historical,,
2020-01-17,969.6734779296297,Historical,,
2020-01-18,1245.6175951406622,Historical,,
2020-01-19,1011.6489983570469,Historical,,
2020-01-20,921.2335806641097,Historical,,
2020-01-21,1507.2169826181948,Historical,,
2020-01-22,1179.2748689795474,Historical,,
2020-01-23,1248.2262693234313,Historical,,
2020-01-24,960.0067117714634,Historical,,
2020-01-25,1146.2583845421425,Historical,,
2020-01-26,1287.4385430441655,Historical,,
2020-01-27,1045.1125935386303,Historical,,
2020-01-28,1360.4440762390566,Historical,,
2020-01-29,1175.1034881192227,Historical,,
2020-01-30,1246.7505497026384,Historical,,
2020-01-31,1194.53512118935,Historical,,
2020-02-01,1695.0460663349218,Historical,,
2020-02-02,1331.529605194112,Historical,,
2020-02-03,1132.2479353887345,Historical,,
2020-02-04,1517.7804633670537,Historical,,
2020-02-05,1118.502261465802,Historical,,
2020-02-06,1413.7592579941406,Historical,,
2020-02-07,989.2820099225569,Historical,,
2020-02-08,1124.7202054478485,Historical,,
2020-02-09,1438.7808905160714,Historical,,
2020-02-10,1556.061024517825,Historical,,
2020-02-11,1451.5062837809805,Historical,,
2020-02-12,1402.8717886208283,Historical,,
2020-02-13,1374.4514952277937,Historical,,
2020-02-14,1147.538699419368,Historical,,
2020-02-15,1307.7433246797427,Historical,,
2020-02-16,1367.9498487336323,Historical,,
2020-02-17,1679.762045128283,Historical,,
2020-02-18,1545.2140390840702,Historical,,
2020-02-19,1131.9261714159575,Historical,,
2020-02-20,1557.2841457103084,Historical,,
2020-02-21,1423.2716939026147,Historical,,
2020-02-22,1372.6105509699469,Historical,,
2020-02-23,1637.9214005941542,Historical,,
2020-02-24,1729.2600519859618,Historical,,
2020-02-25,1716.6714456781951,Historical,,
2020-02-26,1369.8069533097955,Historical,,
2020-02-27,1482.9213082676185,Historical,,
2020-02-28,1618.0066483047508,Historical,,
2020-02-29,1753.728619346876,Historical,,
2020-03-01,1469.524468679325,Historical,,
2020-03-02,1534.8400080943582,Historical,,
2020-03-03,1357.1887727850801,Historical,,
2020-03-04,1345.5686341215533,Historical,,
2020-03-05,1753.538330626461,Historical,,
2020-03-06,1868.3722224099747,Historical,,
2020-03-07,1588.6799529067812,Historical,,
2020-03-08,1809.611933444443,Historical,,
2020-03-09,1686.9204975930568,Historical,,
2020-03-10,1491.1208285456273,Historical,,
2020-03-11,1697.8379621420404,Historical,,
2020-03-12,1938.441857844878,Historical,,
2020-03-13,1628.8057904241587,Historical,,
2020-03-14,1953.8960827947972,Historical,,
2020-03-15,1121.8737749142645,Historical,,
2020-03-16,1814.9170641992973,Historical,,
2020-03-17,1672.5173428150051,Historical,,
2020-03-18,1599.7347401243646,Historical,,
2020-03-19,1682.1729211369368,Historical,,
2020-03-20,1270.4472150281172,Historical,,
2020-03-21,1628.021973715611,Historical,,
2020-03-22,1747.2288277775456,Historical,,
2020-03-23,1975.0892241962881,Historical,,
2020-03-24,1579.4141868917798,Historical,,
2020-03-25,1524.7806560850029,Historical,,
2020-03-26,1589.3921056365843,Historical,,
2020-03-27,1875.9407714723611,Historical,,
2020-03-28,1761.579847296213,Historical,,
2020-03-29,1592.699097586414,Historical,,
2020-03-30,1803.9782089563942,Historical,,
2020-03-31,1723.265766525276,Historical,,
2020-04-01,1899.9566625922366,Historical,,
2020-04-02,1568.0462941213036,Historical,,
2020-04-03,1645.0055835453713,Historical,,
2020-04-04,1634.0493886391732,Historical,,
2020-04-05,1421.5530412312016,Historical,,
2020-04-06,1775.117245666771,Historical,,
2020-04-07,1769.5937383149385,Historical,,
2020-04-08,1719.7474332426525,Historical,,
2020-04-09,1673.0022115539925,Historical,,
2020-04-10,1437.893541890223,Historical,,
2020-04-11,1637.7401945648207,Historical,,
2020-04-12,1654.0818457724558,Historical,,
2020-04-13,1562.7791540180813,Historical,,
2020-04-14,1691.442183974484,Historical,,
2020-04-15,1804.829609620781,Historical,,
2020-04-16,2101.432700649322,Historical,,
2020-04-17,1759.1437546954676,Historical,,
2020-04-18,1775.628193437068,Historical,,
2020-04-19,1708.9768109126976,Historical,,
2020-04-20,1339.7183316488272,Historical,,
2020-04-21,1717.635870259758,Historical,,
2020-04-22,1734.3110777421532,Historical,,
2020-04-23,2214.1010395741205,Historical,,
2020-04-24,1682.0301086502373,Historical,,
2020-04-25,1779.7245109581759,Historical,,
2020-04-26,1711.2494795196571,Historical,,
2020-04-27,1483.0981010038752,Historical,,
2020-04-28,1943.906304587739,Historical,,
2020-04-29,1864.103653121223,Historical,,
2020-04-30,1870.1671656163403,Historical,,
2020-05-01,1528.1966315685177,Historical,,
2020-05-02,1988.6171783368213,Historical,,
2020-05-03,1425.5444133929445,Historical,,
2020-05-04,1821.0157774649142,Historical,,
2020-05-05,2139.3399838514842,Historical,,
2020-05-06,1500.6222422678286,Historical,,
2020-05-07,1582.8281766862565,Historical,,
2020-05-08,1713.2552320136947,Historical,,
2020-05-09,1589.7475758556036,Historical,,
2020-05-10,1377.3098050655076,Historical,,
2020-05-11,1698.038468335944,Historical,,
2020-05-12,1468.6337052931099,Historical,,
2020-05-13,1772.4683304879416,Historical,,
2020-05-14,1490.4088781242795,Historical,,
2020-05-15,1980.7146665453354,Historical,,
2020-05-16,1510.4030958211583,Historical,,
2020-05-17,1598.8610882147202,Historical,,
2020-05-18,1822.0919322715304,Historical,,
2020-05-19,1409.228005757666,Historical,,
2020-05-20,1696.8043722853831,Historical,,
2020-05-21,1908.55347167066,Historical,,
2020-05-22,1321.3437408675095,Historical,,
2020-05-23,1675.3874991176924,Historical,,
2020-05-24,1685.9644678965044,Historical,,
2020-05-25,1785.7885039849207,Historical,,
2020-05-26,1377.3806709394587,Historical,,
2020-05-27,1355.939287255987,Historical,,
2020-05-28,1719.593709200989,Historical,,
2020-05-29,1669.6942077413253,Historical,,
2020-05-30,1655.4069369263461,Historical,,
2020-05-31,1669.5304691353667,Historical,,
2020-06-01,1459.0918830870764,Historical,,
2020-06-02,1636.3293026182737,Historical,,
2020-06-03,1643.2027470802375,Historical,,
2020-06-04,1436.3578506843667,Historical,,
2020-06-05,1946.955370891451,Historical,,
2020-06-06,1663.0741196062281,Historical,,
2020-06-07,1324.4909343582158,Historical,,
2020-06-08,1688.4458033977755,Historical,,
2020-06-09,1356.5238808511358,Historical,,
2020-06-10,1703.1463073598331,Historical,,
2020-06-11,1771.6640823351477,Historical,,
2020-06-12,1369.972876592065,Historical,,
2020-06-13,1720.9001344187607,Historical,,
2020-06-14,1604.8502720778692,Historical,,
2020-06-15,1680.7313356041718,Historical,,
2020-06-16,1889.6615978523002,Historical,,
2020-06-17,1455.1700109492422,Historical,,
2020-06-18,1347.4084351049978,Historical,,
2020-06-19,1314.1266936078246,Historical,,
2020-06-20,1322.709798668573,Historical,,
2020-06-21,1464.2646506966742,Historical,,
2020-06-22,1541.7018901011427,Historical,,
2020-06-23,1522.572035946338,Historical,,
2020-06-24,1626.4113051057334,Historical,,
2020-06-25,1457.2967374605082,Historical,,
2020-06-26,1739.1083348159837,Historical,,
2020-06-27,1389.1613063969023,Historical,,
2020-06-28,1979.8061943804237,Historical,,
2020-06-29,1554.5765973867115,Historical,,
2020-06-30,1251.6760091135964,Historical,,
2020-07-01,1202.5895880672495,Historical,,
2020-07-02,1506.9218627912617,Historical,,
2020-07-03,1359.395389960074,Historical,,
2020-07-04,1540.5524384068049,Historical,,
2020-07-05,1486.0706312743057,Historical,,
2020-07-06,1370.537011846228,Historical,,
2020-07-07,1209.435204423895,Historical,,
2020-07-08,1069.529663399997,Historical,,
2020-07-09,1276.917821710164,Historical,,
2020-07-10,1531.2413502064571,Historical,,
2020-07-11,1396.5427211103236,Historical,,
2020-07-12,1098.362719100204,Historical,,
2020-07-13,1375.959796930672,Historical,,
2020-07-14,1412.2293638349347,Historical,,
2020-07-15,1152.2683122053738,Historical,,
2020-07-16,1353.6928544613857,Historical,,
2020-07-17,1328.5342097897856,Historical,,
2020-07-18,1082.282104250698,Historical,,
2020-07-19,1376.4588528011836,Historical,,
2020-07-20,1411.127464125847,Historical,,
2020-07-21,1509.6963757947449,Historical,,
2020-07-22,1498.0109112954099,Historical,,
2020-07-23,1005.9322072193353,Historical,,
2020-07-24,1088.170244542472,Historical,,
2020-07-25,1373.0674391928187,Historical,,
2020-07-26,1367.2010238057928,Historical,,
2020-07-27,1361.8974692594354,Historical,,
2020-07-28,2023.941296890541,Historical,,
2020-07-29,1362.1454352710896,Historical,,
2020-07-30,1469.7203430377147,Historical,,
2020-07-31,1428.1172569346636,Historical,,
2020-08-01,1362.3768902804813,Historical,,
2020-08-02,1163.9007912580557,Historical,,
2020-08-03,1373.6809446635793,Historical,,
2020-08-04,1062.333151419894,Historical,,
2020-08-05,1164.6263499964853,Historical,,
2020-08-06,1110.0921479834333,Historical,,
2020-08-07,1218.7994821842858,Historical,,
2020-08-08,1660.7032511273396,Historical,,
2020-08-09,819.7545198569271,Historical,,
2020-08-10,1325.9867780857674,Historical,,
2020-08-11,861.8119054044112,Historical,,
2020-08-12,1085.6841734500354,Historical,,
2020-08-13,1393.6732014510126,Historical,,
2020-08-14,1184.650602196732,Historical,,
2020-08-15,952.2580230386391,Historical,,
2020-08-16,1020.8613341142478,Historical,,
2020-08-17,1296.061262920626,Historical,,
2020-08-18,1010.3943555368418,Historical,,
2020-08-19,1196.193460367451,Historical,,
2020-08-20,1158.5599910419542,Historical,,
2020-08-21,1015.7809498626019,Historical,,
2020-08-22,1571.6584119124232,Historical,,
2020-08-23,1266.5367806069648,Historical,,
2020-08-24,731.7242434117315,Historical,,
2020-08-25,1171.1613713798156,Historical,,
2020-08-26,998.7504518616081,Historical,,
2020-08-27,1298.9526270873748,Historical,,
2020-08-28,967.442461046068,Historical,,
2020-08-29,1100.6038204238562,Historical,,
2020-08-30,1222.278297266787,Historical,,
2020-08-31,1292.2881901065189,Historical,,
2020-09-01,877.0620634834758,Historical,,
2020-09-02,1048.3344440461756,Historical,,
2020-09-03,1018.4893586060367,Historical,,
2020-09-04,981.187879222619,Historical,,
2020-09-05,1463.4526069505346,Historical,,
2020-09-06,1189.9999761535817,Historical,,
2020-09-07,855.6036340636342,Historical,,
2020-09-08,1290.2655552265896,Historical,,
2020-09-09,1530.17408974756,Historical,,
2020-09-10,1311.4234837783777,Historical,,
2020-09-11,800.3828288816925,Historical,,
2020-09-12,1006.8760781402108,Historical,,
2020-09-13,1356.71170319349,Historical,,
2020-09-14,961.5434590058251,Historical,,
2020-09-15,1191.7311609222425,Historical,,
2020-09-16,1257.9267577007477,Historical,,
2020-09-17,917.7899348486061,Historical,,
2020-09-18,1091.5910699020508,Historical,,
2020-09-19,455.70739154587693,Historical,,
2020-09-20,899.6931900774284,Historical,,
2020-09-21,1054.8125780255716,Historical,,
2020-09-22,856.6711407288203,Historical,,
2020-09-23,1433.7580899794016,Historical,,
2020-09-24,822.4424499158096,Historical,,
2020-09-25,1021.8038862037388,Historical,,
2020-09-26,1137.450392625459,Historical,,
2020-09-27,1401.1940943776942,Historical,,
2020-09-28,827.5520179206038,Historical,,
2020-09-29,1349.2902049881632,Historical,,
2020-09-30,1120.7851667292398,Historical,,
2020-10-01,924.6660727268475,Historical,,
2020-10-02,1215.7659056190826,Historical,,
2020-10-03,1165.6826842030675,Historical,,
2020-10-04,1008.5009536505156,Historical,,
2020-10-05,1145.326259055824,Historical,,
2020-10-06,1057.2724001177976,Historical,,
2020-10-07,1160.1554221188544,Historical,,
2020-10-08,1273.1422256626652,Historical,,
2020-10-09,1461.3306001046574,Historical,,
2020-10-10,900.1219524087419,Historical,,
2020-10-11,1577.9958288781534,Historical,,
2020-10-12,764.8215562344824,Historical,,
2020-10-13,1128.877450466684,Historical,,
2020-10-14,1281.0381428891753,Historical,,
2020-10-15,1223.8576307515646,Historical,,
2020-10-16,1047.5476342906065,Historical,,
2020-10-17,1135.034454026389,Historical,,
2020-10-18,1082.7724847581162,Historical,,
2020-10-19,1068.355164401258,Historical,,
2020-10-20,1361.144888580152,Historical,,
2020-10-21,1267.7640200634216,Historical,,
2020-10-22,1063.0547073296077,Historical,,
2020-10-23,1386.9706630420942,Historical,,
2020-10-24,1274.0620790138883,Historical,,
2020-10-25,1380.8625373238503,Historical,,
2020-10-26,1350.0392585839709,Historical,,
2020-10-27,1064.2722485418717,Historical,,
2020-10-28,1124.1260932350813,Historical,,
2020-10-29,1391.844229509061,Historical,,
2020-10-30,1370.8137529225032,Historical,,
2020-10-31,1251.0433452021452,Historical,,
2020-11-01,1285.3016278354696,Historical,,
2020-11-02,1524.1088526573772,Historical,,
2020-11-03,1157.1272276308923,Historical,,
2020-11-04,1391.8511602182425,Historical,,
2020-11-05,1249.106478980994,Historical,,
2020-11-06,1253.243804921697,Historical,,
2020-11-07,1523.8906903327625,Historical,,
2020-11-08,1476.6925943937215,Historical,,
2020-11-09,1481.9024435910853,Historical,,
2020-11-10,1588.0030788670838,Historical,,
2020-11-11,1338.928883917299,Historical,,
2020-11-12,1479.0518591925847,Historical,,
2020-11-13,1288.6517349330268,Historical,,
2020-11-14,1423.6911380352844,Historical,,
2020-11-15,1341.0892536229694,Historical,,
2020-11-16,1394.8824940619552,Historical,,
2020-11-17,1502.9837750166253,Historical,,
2020-11-18,1228.8790964297507,Historical,,
2020-11-19,1819.6714774607117,Historical,,
2020-11-20,1208.7593635791693,Historical,,
2020-11-21,1175.9900363458069,Historical,,
2020-11-22,1659.408998779863,Historical,,
2020-11-23,1595.1705909871487,Historical,,
2020-11-24,1570.8033961340152,Historical,,
2020-11-25,1580.8780302817627,Historical,,
2020-11-26,1462.0751213927067,Historical,,
2020-11-27,1294.4731121785135,Historical,,
2020-11-28,1498.5662578809272,Historical,,
2020-11-29,1357.5340749779755,Historical,,
2020-11-30,1697.6289846725124,Historical,,
2020-12-01,1482.9075474864392,Historical,,
2020-12-02,1357.0067284023007,Historical,,
2020-12-03,1467.687072988514,Historical,,
2020-12-04,1624.477285707299,Historical,,
2020-12-05,1439.1392478382102,Historical,,
2020-12-06,1397.4973632066176,Historical,,
2020-12-07,1620.7979802732993,Historical,,
2020-12-08,1631.232432629686,Historical,,
2020-12-09,1491.086203962024,Historical,,
2020-12-10,1508.557677221577,Historical,,
2020-12-11,1659.5182260597396,Historical,,
2020-12-12,1333.8842781914632,Historical,,
2020-12-13,1352.4488990854964,Historical,,
2020-12-14,1500.7384945500012,Historical,,
2020-12-15,1612.2663350832124,Historical,,
2020-12-16,1727.7059987059827,Historical,,
2020-12-17,1971.2022824832527,Historical,,
2020-12-18,1858.304879186479,Historical,,
2020-12-19,1665.4600440730048,Historical,,
2020-12-20,1704.3496924496817,Historical,,
2020-12-21,1518.3801328853822,Historical,,
2020-12-22,1725.9418293249055,Historical,,
2020-12-23,1682.694041966705,Historical,,
2020-12-24,1815.7711343771482,Historical,,
2020-12-25,1596.6006962768656,Historical,,
2020-12-26,1876.7509261424007,Historical,,
2020-12-27,2090.2768808140863,Historical,,
2020-12-28,1772.8347372635737,Historical,,
2020-12-29,1885.794428126829,Historical,,
2020-12-30,1954.3512987345598,Historical,,
2020-12-31,1746.9513730449294,Historical,,
2021-01-01,1882.8869308139379,Historical,,
2021-01-02,1851.457331293511,Historical,,
2021-01-03,1879.3393875990132,Historical,,
2021-01-04,1716.0598798595286,Historical,,
2021-01-05,1886.4113464018146,Historical,,
2021-01-06,1991.943708105952,Historical,,
2021-01-07,2193.3922340936706,Historical,,
2021-01-08,2105.819330310501,Historical,,
2021-01-09,2355.3829698231207,Historical,,
2021-01-10,1782.0354164536386,Historical,,
2021-01-11,2120.702128158109,Historical,,
2021-01-12,1993.6115859261722,Historical,,
2021-01-13,2405.578566941651,Historical,,
2021-01-14,1816.60023867982,Historical,,
2021-01-15,1820.922080821655,Historical,,
2021-01-16,1879.556640329806,Historical,,
2021-01-17,1585.1844511817424,Historical,,
2021-01-18,1915.2982765472325,Historical,,
2021-01-19,1879.0632560425245,Historical,,
2021-01-20,2071.361453551222,Historical,,
2021-01-21,2119.976791654383,Historical,,
2021-01-22,2437.15026365112,Historical,,
2021-01-23,2262.236584073461,Historical,,
2021-01-24,1966.9496657367952,Historical,,
2021-01-25,1912.766558254617,Historical,,
2021-01-26,2200.8906107464886,Historical,,
2021-01-27,1848.4532985878895,Historical,,
2021-01-28,2488.7184466959507,Historical,,
2021-01-29,2368.1727912276474,Historical,,
2021-01-30,2048.2367806363845,Historical,,
2021-01-31,1809.1589910370553,Historical,,
2021-02-01,2432.198992396877,Historical,,
2021-02-02,2148.0776195514873,Historical,,
2021-02-03,2428.030210763204,Historical,,
2021-02-04,1870.980927123229,Historical,,
2021-02-05,2079.3070018245307,Historical,,
2021-02-06,2209.460242064245,Historical,,
2021-02-07,2226.949001402579,Historical,,
2021-02-08,2136.5910164684947,Historical,,
2021-02-09,2360.1331624103386,Historical,,
2021-02-10,2030.904009088564,Historical,,
2021-02-11,2224.7210155163143,Historical,,
2021-02-12,2285.926828110127,Historical,,
2021-02-13,2373.3263317266997,Historical,,
2021-02-14,2421.230609398559,Historical,,
2021-02-15,2062.3446519801128,Historical,,
2021-02-16,1988.7102331594715,Historical,,
2021-02-17,2559.2212129721756,Historical,,
2021-02-18,2378.192472306519,Historical,,
2021-02-19,2169.9655119421345,Historical,,
2021-02-20,2637.7140125124793,Historical,,
2021-02-21,2358.3253453118064,Historical,,
2021-02-22,2578.6410470608425,Historical,,
2021-02-23,2363.7593111908895,Historical,,
2021-02-24,2769.760474253449,Historical,,
2021-02-25,2715.9140938650603,Historical,,
2021-02-26,2322.1664211641432,Historical,,
2021-02-27,2573.263619637005,Historical,,
2021-02-28,2514.89025126153,Historical,,
2021-03-01,2666.2810951769493,Historical,,
2021-03-02,2206.1825787331964,Historical,,
2021-03-03,2542.86152700807,Historical,,
2021-03-04,2623.6903237297015,Historical,,
2021-03-05,2066.4807362850947,Historical,,
2021-03-06,2187.667981584751,Historical,,
2021-03-07,2022.431009092924,Historical,,
2021-03-08,2382.2194543992227,Historical,,
2021-03-09,2585.2972111648187,Historical,,
2021-03-10,2747.811657307954,Historical,,
2021-03-11,2467.573264546409,Historical,,
2021-03-12,2783.753121088039,Historical,,
2021-03-13,2187.1461740252666,Historical,,
2021-03-14,2127.4863311830613,Historical,,
2021-03-15,2461.908723374986,Historical,,
2021-03-16,2554.54512053421,Historical,,
2021-03-17,2475.7644469706484,Historical,,
2021-03-18,2073.243257631659,Historical,,
2021-03-19,2473.192225349375,Historical,,
2021-03-20,2234.2625652694214,Historical,,
2021-03-21,2633.0863284712173,Historical,,
2021-03-22,2576.321430116662,Historical,,
2021-03-23,2318.7299254046097,Historical,,
2021-03-24,2407.490314501267,Historical,,
2021-03-25,2301.8321397079467,Historical,,
2021-03-26,2504.4031623209535,Historical,,
2021-03-27,2711.0842794542905,Historical,,
2021-03-28,2325.879883519264,Historical,,
2021-03-29,2626.6559088654867,Historical,,
2021-03-30,2422.468666081331,Historical,,
2021-03-31,2372.4711576252953,Historical,,
2021-04-01,2512.0170599168437,Historical,,
2021-04-02,2328.6039158349954,Historical,,
2021-04-03,2427.003619217585,Historical,,
2021-04-04,2300.090908169931,Historical,,
2021-04-05,2934.3965248629993,Historical,,
2021-04-06,2550.141368070298,Historical,,
2021-04-07,2404.63304970254,Historical,,
2021-04-08,2588.7161914831013,Historical,,
2021-04-09,2524.649495712952,Historical,,
2021-04-10,2503.969237815758,Historical,,
2021-04-11,2671.898066548674,Historical,,
2021-04-12,2701.3217585093676,Historical,,
2021-04-13,2444.329845762396,Historical,,
2021-04-14,2435.731145600846,Historical,,
2021-04-15,2496.204566249641,Historical,,
2021-04-16,2091.0067548821953,Historical,,
2021-04-17,2248.3854471114855,Historical,,
2021-04-18,2824.688436203516,Historical,,
2021-04-19,2880.0550041882843,Historical,,
2021-04-20,2500.860834219456,Historical,,
2021-04-21,2665.445505382851,Historical,,
2021-04-22,2611.7105340847515,Historical,,
2021-04-23,3164.4242461902068,Historical,,
2021-04-24,2771.6127513154734,Historical,,
2021-04-25,2521.0269916173966,Historical,,
2021-04-26,2354.279212762717,Historical,,
2021-04-27,2222.739911898363,Historical,,
2021-04-28,2583.2299362802764,Historical,,
2021-04-29,2389.6423649491044,Historical,,
2021-04-30,2254.7055017102925,Historical,,
2021-05-01,2407.9550131010565,Historical,,
2021-05-02,2318.944182848819,Historical,,
2021-05-03,2870.5384203880103,Historical,,
2021-05-04,2707.1677775168473,Historical,,
2021-05-05,2526.8497978482615,Historical,,
2021-05-06,2821.9138024940676,Historical,,
2021-05-07,2538.7568515584308,Historical,,
2021-05-08,2348.2635861526096,Historical,,
2021-05-09,2822.2629895548707,Historical,,
2021-05-10,2622.4199674377624,Historical,,
2021-05-11,2304.072109931544,Historical,,
2021-05-12,2470.2221798437054,Historical,,
2021-05-13,2329.82166110605,Historical,,
2021-05-14,2224.929246200269,Historical,,
2021-05-15,2683.158762470252,Historical,,
2021-05-16,2876.1325498045285,Historical,,
2021-05-17,2210.755344114123,Historical,,
2021-05-18,2599.1778035578072,Historical,,
2021-05-19,2352.467822642189,Historical,,
2021-05-20,2381.0827760337143,Historical,,
2021-05-21,2355.841603388496,Historical,,
2021-05-22,2297.237701265888,Historical,,
2021-05-23,2475.3605204222936,Historical,,
2021-05-24,2294.9933531867086,Historical,,
2021-05-25,2510.7107622075227,Historical,,
2021-05-26,2441.9186586473443,Historical,,
2021-05-27,2399.436467921657,Historical,,
2021-05-28,2260.8881310913857,Historical,,
2021-05-29,2322.1384744031175,Historical,,
2021-05-30,2583.5820794444185,Historical,,
2021-05-31,2527.619732182945,Historical,,
2021-06-01,2226.781245865161,Historical,,
2021-06-02,2436.940491694015,Historical,,
2021-06-03,2562.061144516955,Historical,,
2021-06-04,2072.5425454874626,Historical,,
2021-06-05,2509.667974560583,Historical,,
2021-06-06,2262.978251056798,Historical,,
2021-06-07,2504.0668349394737,Historical,,
2021-06-08,2231.6787177846027,Historical,,
2021-06-09,2017.6792621857933,Historical,,
2021-06-10,2047.4163664568064,Historical,,
2021-06-11,2376.7574232880397,Historical,,
2021-06-12,2413.2493080287995,Historical,,
2021-06-13,2174.557050971111,Historical,,
2021-06-14,2477.2080458681403,Historical,,
2021-06-15,2011.2107585735785,Historical,,
2021-06-16,2324.282509014144,Historical,,
2021-06-17,2089.239861619422,Historical,,
2021-06-18,2194.9839138381603,Historical,,
2021-06-19,2328.7047812183077,Historical,,
2021-06-20,2140.984650026967,Historical,,
2021-06-21,2229.9693511556266,Historical,,
2021-06-22,2501.9255244027986,Historical,,
2021-06-23,2179.0509695978003,Historical,,
2021-06-24,2455.308545133653,Historical,,
2021-06-25,2055.9504555754997,Historical,,
2021-06-26,2381.557822389673,Historical,,
2021-06-27,2557.6018645981694,Historical,,
2021-06-28,1768.6389284591385,Historical,,
2021-06-29,2097.259544161712,Historical,,
2021-06-30,2365.717413255057,Historical,,
2021-07-01,2203.3544778929695,Historical,,
2021-07-02,2311.852021838983,Historical,,
2021-07-03,2110.4863771041764,Historical,,
2021-07-04,2242.265764505062,Historical,,
2021-07-05,2187.4831267032773,Historical,,
2021-07-06,2445.854674131661,Historical,,
2021-07-07,2256.873584119916,Historical,,
2021-07-08,2267.215108174307,Historical,,
2021-07-09,2111.0408863211705,Historical,,
2021-07-10,2089.6358139493595,Historical,,
2021-07-11,2094.407802142455,Historical,,
2021-07-12,2253.5963707403575,Historical,,
2021-07-13,2084.322183018479,Historical,,
2021-07-14,2220.3163266905462,Historical,,
2021-07-15,2571.3154265967846,Historical,,
2021-07-16,2324.3682413807155,Historical,,
2021-07-17,2078.883227089113,Historical,,
2021-07-18,2378.314415671708,Historical,,
2021-07-19,2050.4817735493134,Historical,,
2021-07-20,1718.5411192387255,Historical,,
2021-07-21,1918.6643323983058,Historical,,
2021-07-22,1740.2875841053549,Historical,,
2021-07-23,2038.358851424589,Historical,,
2021-07-24,2106.614395785503,Historical,,
2021-07-25,2432.5433156282397,Historical,,
2021-07-26,2157.0247757982793,Historical,,
2021-07-27,2042.2632936585503,Historical,,
2021-07-28,2246.4715824183913,Historical,,
2021-07-29,1632.9357387529756,Historical,,
2021-07-30,2116.9255940454045,Historical,,
2021-07-31,2218.6854104355125,Historical,,
2021-08-01,1763.57685828545,Historical,,
2021-08-02,2282.900916249607,Historical,,
2021-08-03,2116.7818494859052,Historical,,
2021-08-04,1961.0360789693445,Historical,,
2021-08-05,2165.7419119878405,Historical,,
2021-08-06,2488.4988965322295,Historical,,
2021-08-07,2065.9933727408165,Historical,,
2021-08-08,2074.6111224748015,Historical,,
2021-08-09,1928.5308458893248,Historical,,
2021-08-10,1845.961333540003,Historical,,
2021-08-11,2177.6177103732866,Historical,,
2021-08-12,1836.0492488482455,Historical,,
2021-08-13,2017.391796923514,Historical,,
2021-08-14,1903.4585764467122,Historical,,
2021-08-15,2090.7984111958745,Historical,,
2021-08-16,2057.849964445727,Historical,,
2021-08-17,2194.845169407367,Historical,,
2021-08-18,1881.6598695314167,Historical,,
2021-08-19,1926.1222228144782,Historical,,
2021-08-20,1780.8883473268263,Historical,,
2021-08-21,1884.4378347906395,Historical,,
2021-08-22,2045.5251600784243,Historical,,
2021-08-23,2118.3461668945292,Historical,,
2021-08-24,1779.5151633298246,Historical,,
2021-08-25,2134.987159869159,Historical,,
2021-08-26,2229.430783998372,Historical,,
2021-08-27,2038.3484081949669,Historical,,
2021-08-28,2328.5012386663175,Historical,,
2021-08-29,1795.988736318618,Historical,,
2021-08-30,1699.5453682305088,Historical,,
2021-08-31,1590.5885689137358,Historical,,
2021-09-01,2243.525674614564,Historical,,
2021-09-02,2073.303289907273,Historical,,
2021-09-03,1929.5569540782335,Historical,,
2021-09-04,1995.0429184234215,Historical,,
2021-09-05,1712.4594168567357,Historical,,
2021-09-06,2425.349497306852,Historical,,
2021-09-07,1960.8201287477852,Historical,,
2021-09-08,1955.76759215871,Historical,,
2021-09-09,2078.091642546868,Historical,,
2021-09-10,2028.3277454375873,Historical,,
2021-09-11,1976.2290943504172,Historical,,
2021-09-12,1772.8234690464947,Historical,,
2021-09-13,2024.8186122054608,Historical,,
2021-09-14,2306.6777188466845,Historical,,
2021-09-15,2199.2467519460884,Historical,,
2021-09-16,2248.8327397648563,Historical,,
2021-09-17,1828.1283613000824,Historical,,
2021-09-18,1732.7706444847909,Historical,,
2021-09-19,1905.998942961858,Historical,,
2021-09-20,1942.9111682241219,Historical,,
2021-09-21,2151.3599794204897,Historical,,
2021-09-22,1594.9303186009229,Historical,,
2021-09-23,2240.3813605072937,Historical,,
2021-09-24,1904.0646132142342,Historical,,
2021-09-25,1851.6320369757475,Historical,,
2021-09-26,1736.0768695383033,Historical,,
2021-09-27,1609.1635696134135,Historical,,
2021-09-28,2106.554032370971,Historical,,
2021-09-29,1958.5165154169483,Historical,,
2021-09-30,1687.941841999208,Historical,,
2021-10-01,1689.1475159458105,Historical,,
2021-10-02,1883.3837383304992,Historical,,
2021-10-03,2286.870517568348,Historical,,
2021-10-04,1903.8215262316496,Historical,,
2021-10-05,1657.9327188562954,Historical,,
2021-10-06,1912.3819740950573,Historical,,
2021-10-07,1910.1027065411674,Historical,,
2021-10-08,1428.5342295922378,Historical,,
2021-10-09,1960.4637309941209,Historical,,
2021-10-10,1928.6936135544722,Historical,,
2021-10-11,2117.82589433168,Historical,,
2021-10-12,2352.2258025501483,Historical,,
2021-10-13,2211.7429428054484,Historical,,
2021-10-14,1936.7924309033904,Historical,,
2021-10-15,1773.5495428783204,Historical,,
2021-10-16,2513.954966326794,Historical,,
2021-10-17,2015.6980583228376,Historical,,
2021-10-18,2011.353997494568,Historical,,
2021-10-19,2008.5985657901958,Historical,,
2021-10-20,2058.0368887516142,Historical,,
2021-10-21,1994.68430790772,Historical,,
2021-10-22,1914.0996924277874,Historical,,
2021-10-23,1924.8743671294624,Historical,,
2021-10-24,2033.2469882174628,Historical,,
2021-10-25,1936.800626751401,Historical,,
2021-10-26,1908.7398010859122,Historical,,
2021-10-27,2078.5527636867623,Historical,,
2021-10-28,2012.3623252124007,Historical,,
2021-10-29,2370.3795736230422,Historical,,
2021-10-30,1545.7412055793045,Historical,,
2021-10-31,2300.7205018015634,Historical,,
2021-11-01,2338.248657095335,Historical,,
2021-11-02,1681.0932944401582,Historical,,
2021-11-03,2034.0994540040851,Historical,,
2021-11-04,2035.338978207173,Historical,,
2021-11-05,1835.238137946305,Historical,,
2021-11-06,1968.4121754710623,Historical,,
2021-11-07,1909.215618264255,Historical,,
2021-11-08,2489.258880702936,Historical,,
2021-11-09,2333.5316624425463,Historical,,
2021-11-10,2408.4138038571464,Historical,,
2021-11-11,2306.2579958214906,Historical,,
2021-11-12,1944.0463781122423,Historical,,
2021-11-13,2072.9965004178594,Historical,,
2021-11-14,2283.928247205276,Historical,,
2021-11-15,1949.8877701402132,Historical,,
2021-11-16,2345.278454519985,Historical,,
2021-11-17,2163.0827577197124,Historical,,
2021-11-18,2144.7545389886222,Historical,,
2021-11-19,2370.581483386414,Historical,,
2021-11-20,2326.010969598414,Historical,,
2021-11-21,2173.8299931616334,Historical,,
2021-11-22,2486.848252174795,Historical,,
2021-11-23,2047.820854096678,Historical,,
2021-11-24,2396.3620215345327,Historical,,
2021-11-25,2401.02464744468,Historical,,
2021-11-26,2229.8106555213876,Historical,,
2021-11-27,2366.3460583461997,Historical,,
2021-11-28,2060.3780983872175,Historical,,
2021-11-29,2504.9672885438745,Historical,,
2021-11-30,2292.82007812246,Historical,,
2021-12-01,2234.969887105154,Historical,,
2021-12-02,2559.1034803502776,Historical,,
2021-12-03,2218.2909706326573,Historical,,
2021-12-04,2087.3942030015587,Historical,,
2021-12-05,2067.7537911163195,Historical,,
2021-12-06,2510.3389000111283,Historical,,
2021-12-07,2143.1701348977567,Historical,,
2021-12-08,2760.3934222269104,Historical,,
2021-12-09,2003.2844248816023,Historical,,
2021-12-10,2769.252079425346,Historical,,
2021-12-11,2482.5071994508326,Historical,,
2021-12-12,2431.353991538945,Historical,,
2021-12-13,2352.1533040211134,Historical,,
2021-12-14,2551.450029092999,Historical,,
2021-12-15,2474.6242923627083,Historical,,
2021-12-16,2713.3803294117834,Historical,,
2021-12-17,2526.1720362478463,Historical,,
2021-12-18,2544.028774260548,Historical,,
2021-12-19,2451.9207750450146,Historical,,
2021-12-20,2523.959276708102,Historical,,
2021-12-21,2607.641827013452,Historical,,
2021-12-22,2214.806245414154,Historical,,
2021-12-23,2297.9841527516865,Historical,,
2021-12-24,2727.0757085361697,Historical,,
2021-12-25,2623.415440035015,Historical,,
2021-12-26,2563.280423445726,Historical,,
2021-12-27,2614.611352248746,Historical,,
2021-12-28,2691.2985754493757,Historical,,
2021-12-29,2524.695615067264,Historical,,
2021-12-30,2487.8570227339706,Historical,,
2021-12-31,2693.5599858637297,Historical,,
2022-01-01,2469.5893463509447,Historical,,
2022-01-02,2757.784869702142,Historical,,
2022-01-03,2346.4829144637743,Historical,,
2022-01-04,2903.688431517847,Historical,,
2022-01-05,2803.2242754547315,Historical,,
2022-01-06,2770.7454641417326,Historical,,
2022-01-07,2926.897176745862,Historical,,
2022-01-08,3074.2555214080717,Historical,,
2022-01-09,2954.8159587465316,Historical,,
2022-01-10,2394.5255501870156,Historical,,
2022-01-11,2517.5180748889297,Historical,,
2022-01-12,2659.174936661463,Historical,,
2022-01-13,2800.03165776238,Historical,,
2022-01-14,2908.9871672667714,Historical,,
2022-01-15,2670.913154049214,Historical,,
2022-01-16,2863.9839897361226,Historical,,
2022-01-17,2686.082476995135,Historical,,
2022-01-18,2725.341187707092,Historical,,
2022-01-19,2576.753036405716,Historical,,
2022-01-20,2683.8315144558956,Historical,,
2022-01-21,2608.4841427977804,Historical,,
2022-01-22,2693.9369126345728,Historical,,
2022-01-23,3110.075643179915,Historical,,
2022-01-24,2719.646086524983,Historical,,
2022-01-25,3446.1213729138626,Historical,,
2022-01-26,3028.365824043461,Historical,,
2022-01-27,2976.6626321530894,Historical,,
2022-01-28,2777.950604910933,Historical,,
2022-01-29,3099.5422103872847,Historical,,
2022-01-30,2854.1398132318673,Historical,,
2022-01-31,3003.383327206399,Historical,,
2022-02-01,3500.6368926396494,Historical,,
2022-02-02,2978.9690760791773,Historical,,
2022-02-03,3237.517081047744,Historical,,
2022-02-04,2876.4266412790216,Historical,,
2022-02-05,3019.379775737989,Historical,,
2022-02-06,3389.767096669807,Historical,,
2022-02-07,2919.354938514173,Historical,,
2022-02-08,3416.2892897858246,Historical,,
2022-02-09,3204.3090304540315,Historical,,
2022-02-10,2959.130207208326,Historical,,
2022-02-11,3206.8739277537734,Historical,,
2022-02-12,3283.574059115189,Historical,,
2022-02-13,3221.9960247804856,Historical,,
2022-02-14,2792.0581572247856,Historical,,
2022-02-15,2969.0411026048087,Historical,,
2022-02-16,3073.2248076183914,Historical,,
2022-02-17,3115.9946301945615,Historical,,
2022-02-18,3263.0595568428325,Historical,,
2022-02-19,3182.3984868621924,Historical,,
2022-02-20,2887.610213088051,Historical,,
2022-02-21,3238.425456076524,Historical,,
2022-02-22,3292.0942267269374,Historical,,
2022-02-23,3289.409171917172,Historical,,
2022-02-24,3400.9625018100724,Historical,,
2022-02-25,3358.825823708297,Historical,,
2022-02-26,3290.9907341277412,Historical,,
2022-02-27,3192.111754576501,Historical,,
2022-02-28,2880.818342063398,Historical,,
2022-03-01,3305.6738949190926,Historical,,
2022-03-02,3267.900275703936,Historical,,
2022-03-03,3287.162469869553,Historical,,
2022-03-04,2983.8511786178183,Historical,,
2022-03-05,3029.212792910161,Historical,,
2022-03-06,3462.1457222065833,Historical,,
2022-03-07,3249.561881295709,Historical,,
2022-03-08,3399.596428184755,Historical,,
2022-03-09,3274.6479026538145,Historical,,
2022-03-10,3280.4869422099937,Historical,,
2022-03-11,3467.60653707975,Historical,,
2022-03-12,3182.016533752402,Historical,,
2022-03-13,3309.5860884785384,Historical,,
2022-03-14,3202.90322873518,Historical,,
2022-03-15,3213.314485089943,Historical,,
2022-03-16,3243.093073474717,Historical,,
2022-03-17,3353.925618338306,Historical,,
2022-03-18,3218.1774207290355,Historical,,
2022-03-19,3569.3629257887333,Historical,,
2022-03-20,3143.430472348588,Historical,,
2022-03-21,3288.972957295034,Historical,,
2022-03-22,3242.2510366645542,Historical,,
2022-03-23,3623.296926962924,Historical,,
2022-03-24,3376.770120693017,Historical,,
2022-03-25,3547.23921940156,Historical,,
2022-03-26,3047.02237459029,Historical,,
2022-03-27,3400.661335949991,Historical,,
2022-03-28,3528.146719333156,Historical,,
2022-03-29,3369.4988710390994,Historical,,
2022-03-30,3568.811732190986,Historical,,
2022-03-31,3254.783501479786,Historical,,
2022-04-01,3642.4880873669676,Historical,,
2022-04-02,3822.627472464817,Historical,,
2022-04-03,3292.361235621186,Historical,,
2022-04-04,3277.7614498296425,Historical,,
2022-04-05,3659.3238611253582,Historical,,
2022-04-06,3686.1985542441907,Historical,,
2022-04-07,3267.2016132925,Historical,,
2022-04-08,3289.078313339182,Historical,,
2022-04-09,3317.953651301113,Historical,,
2022-04-10,3106.4685229376437,Historical,,
2022-04-11,3192.529804665245,Historical,,
2022-04-12,3176.1875305715885,Historical,,
2022-04-13,3224.066029685772,Historical,,
2022-04-14,3371.1532836745223,Historical,,
2022-04-15,3425.2533196093705,Historical,,
2022-04-16,3688.6865538142238,Historical,,
2022-04-17,3178.9483188255344,Historical,,
2022-04-18,3575.3735298320244,Historical,,
2022-04-19,3335.459160065022,Historical,,
2022-04-20,3367.9707676223416,Historical,,
2022-04-21,3512.2934786271144,Historical,,
2022-04-22,3152.1115662856814,Historical,,
2022-04-23,3452.3255011580663,Historical,,
2022-04-24,3408.1836780932654,Historical,,
2022-04-25,3472.2962301372754,Historical,,
2022-04-26,3430.416497086462,Historical,,
2022-04-27,3862.2846713541526,Historical,,
2022-04-28,3242.1846796786645,Historical,,
2022-04-29,3261.908590427698,Historical,,
2022-04-30,3241.7236057669716,Historical,,
2022-05-01,3253.369633539607,Historical,,
2022-05-02,3234.9718255324906,Historical,,
2022-05-03,3598.108867017104,Historical,,
2022-05-04,3642.1361431470236,Historical,,
2022-05-05,3241.490534783786,Historical,,
2022-05-06,3186.6493275173134,Historical,,
2022-05-07,3444.761768728285,Historical,,
2022-05-08,3237.2712849841646,Historical,,
2022-05-09,3471.420005074138,Historical,,
2022-05-10,3382.4180302931863,Historical,,
2022-05-11,3035.567985219485,Historical,,
2022-05-12,3644.986423148536,Historical,,
2022-05-13,3691.3163138242026,Historical,,
2022-05-14,3206.1269217183562,Historical,,
2022-05-15,3247.5784083988233,Historical,,
2022-05-16,3378.6177672775793,Historical,,
2022-05-17,3384.555684297453,Historical,,
2022-05-18,3445.4882781763554,Historical,,
2022-05-19,3711.83271164192,Historical,,
2022-05-20,3270.3138747099406,Historical,,
2022-05-21,3141.8564067506773,Historical,,
2022-05-22,3021.367477021043,Historical,,
2022-05-23,3146.6656542670403,Historical,,
2022-05-24,3281.7534493162534,Historical,,
2022-05-25,3642.726437177209,Historical,,
2022-05-26,3175.639488152033,Historical,,
2022-05-27,3319.1791350448148,Historical,,
2022-05-28,3266.311751707253,Historical,,
2022-05-29,3502.3668626284984,Historical,,
2022-05-30,3765.0857868760872,Historical,,
2022-05-31,3148.4580074961,Historical,,
2022-06-01,3151.599873743323,Historical,,
2022-06-02,3453.101673444081,Historical,,
2022-06-03,3375.357485189956,Historical,,
2022-06-04,3602.96053428104,Historical,,
2022-06-05,3344.9770405718855,Historical,,
2022-06-06,3150.840052110651,Historical,,
2022-06-07,3335.2735347813996,Historical,,
2022-06-08,3433.2667326317837,Historical,,
2022-06-09,3369.947585980266,Historical,,
2022-06-10,3301.5751276769947,Historical,,
2022-06-11,3407.6708392956907,Historical,,
2022-06-12,3422.359393195734,Historical,,
2022-06-13,3459.047641621595,Historical,,
2022-06-14,3306.426999052691,Historical,,
2022-06-15,3137.2866223860956,Historical,,
2022-06-16,3194.0366734523686,Historical,,
2022-06-17,3399.94036229568,Historical,,
2022-06-18,2989.159468623242,Historical,,
2022-06-19,3220.1551761517026,Historical,,
2022-06-20,3061.595028040382,Historical,,
2022-06-21,3139.824892010651,Historical,,
2022-06-22,3383.5528025034664,Historical,,
2022-06-23,3159.8446245285077,Historical,,
2022-06-24,3124.6528997739515,Historical,,
2022-06-25,2837.1160657331357,Historical,,
2022-06-26,3252.043167434158,Historical,,
2022-06-27,3225.5804441169025,Historical,,
2022-06-28,3522.814240567784,Historical,,
2022-06-29,3022.278415687303,Historical,,
2022-06-30,3121.328520773834,Historical,,
2022-07-01,3121.0357592658165,Historical,,
2022-07-02,3380.3089705395114,Historical,,
2022-07-03,3039.4197753920457,Historical,,
2022-07-04,3107.947579586648,Historical,,
2022-07-05,3167.393343147098,Historical,,
2022-07-06,3076.815553853067,Historical,,
2022-07-07,2943.898159971663,Historical,,
2022-07-08,3065.708041761024,Historical,,
2022-07-09,3235.3380969397144,Historical,,
2022-07-10,2809.049466303743,Historical,,
2022-07-11,3034.708841957851,Historical,,
2022-07-12,2861.87724669896,Historical,,
2022-07-13,3234.7238723895966,Historical,,
2022-07-14,2684.919441776605,Historical,,
2022-07-15,2871.646364835476,Historical,,
2022-07-16,3052.781143129377,Historical,,
2022-07-17,3284.3882067916466,Historical,,
2022-07-18,2952.117046446418,Historical,,
2022-07-19,2848.2524102370808,Historical,,
2022-07-20,3329.5929075845097,Historical,,
2022-07-21,2657.8742819206327,Historical,,
2022-07-22,2501.880244408605,Historical,,
2022-07-23,3023.859905665614,Historical,,
2022-07-24,2829.7153424991666,Historical,,
2022-07-25,2720.2047571691373,Historical,,
2022-07-26,3060.506057927415,Historical,,
2022-07-27,2962.039009596659,Historical,,
2022-07-28,2794.9702074564434,Historical,,
2022-07-29,2646.29738824247,Historical,,
2022-07-30,3071.489615501817,Historical,,
2022-07-31,3021.748074671948,Historical,,
2022-08-01,2866.6544021076384,Historical,,
2022-08-02,3250.6729742398516,Historical,,
2022-08-03,2662.261082143889,Historical,,
2022-08-04,2566.184094986653,Historical,,
2022-08-05,2727.9993922124304,Historical,,
2022-08-06,2852.4385891223474,Historical,,
2022-08-07,2905.4834790157524,Historical,,
2022-08-08,2803.915261065565,Historical,,
2022-08-09,2918.0095725223296,Historical,,
2022-08-10,2592.8177900169694,Historical,,
2022-08-11,3127.4989353011856,Historical,,
2022-08-12,2818.031245773601,Historical,,
2022-08-13,3053.7331832193577,Historical,,
2022-08-14,2894.7306024973727,Historical,,
2022-08-15,2913.54855729945,Historical,,
2022-08-16,2932.2664668568755,Historical,,
2022-08-17,2904.074359981347,Historical,,
2022-08-18,2939.4031686979715,Historical,,
2022-08-19,3073.1231833217353,Historical,,
2022-08-20,2843.1407918456785,Historical,,
2022-08-21,2942.292705745661,Historical,,
2022-08-22,2779.3133900341045,Historical,,
2022-08-23,3082.167354077449,Historical,,
2022-08-24,2655.8652351755927,Historical,,
2022-08-25,3148.4495298522866,Historical,,
2022-08-26,2777.46708953061,Historical,,
2022-08-27,2496.7018745487135,Historical,,
2022-08-28,2805.9584265589588,Historical,,
2022-08-29,2641.731712066452,Historical,,
2022-08-30,2943.800486112633,Historical,,
2022-08-31,2643.003290256209,Historical,,
2022-09-01,2682.2755930958674,Historical,,
2022-09-02,2391.7174798694523,Historical,,
2022-09-03,2677.408091832606,Historical,,
2022-09-04,2281.468795255763,Historical,,
2022-09-05,2447.9721290413636,Historical,,
2022-09-06,2915.4775000344425,Historical,,
2022-09-07,2919.3313915050016,Historical,,
2022-09-08,2846.17561301682,Historical,,
2022-09-09,2566.738556563383,Historical,,
2022-09-10,2749.7790952839455,Historical,,
2022-09-11,2757.927249098574,Historical,,
2022-09-12,2526.4408897191456,Historical,,
2022-09-13,3058.4000685537885,Historical,,
2022-09-14,2932.940745088908,Historical,,
2022-09-15,2713.1653753712562,Historical,,
2022-09-16,2762.768049657979,Historical,,
2022-09-17,2799.2435255979262,Historical,,
2022-09-18,2349.540102273745,Historical,,
2022-09-19,2708.9163178997646,Historical,,
2022-09-20,2622.56480358892,Historical,,
2022-09-21,2559.393141169413,Historical,,
2022-09-22,2704.3986533887914,Historical,,
2022-09-23,3121.2040694071716,Historical,,
2022-09-24,2891.0302326055307,Historical,,
2022-09-25,2649.9679204307686,Historical,,
2022-09-26,2880.209768283665,Historical,,
2022-09-27,3047.2014587258645,Historical,,
2022-09-28,2954.0421195832387,Historical,,
2022-09-29,2782.9744633853984,Historical,,
2022-09-30,2643.7421338284003,Historical,,
2022-10-01,2915.003400503348,Historical,,
2022-10-02,2856.433222694971,Historical,,
2022-10-03,2959.3003239381123,Historical,,
2022-10-04,2909.969624262861,Historical,,
2022-10-05,2995.66731996588,Historical,,
2022-10-06,2681.6790120222286,Historical,,
2022-10-07,3055.3217010396625,Historical,,
2022-10-08,2834.6269465411287,Historical,,
2022-10-09,3213.5703462448323,Historical,,
2022-10-10,2664.2384234003907,Historical,,
2022-10-11,3152.9728494241426,Historical,,
2022-10-12,2849.2122076757055,Historical,,
2022-10-13,2683.341803595103,Historical,,
2022-10-14,2720.988469625588,Historical,,
2022-10-15,2757.9807304098863,Historical,,
2022-10-16,2911.311662379301,Historical,,
2022-10-17,2935.616936549137,Historical,,
2022-10-18,2721.02360574636,Historical,,
2022-10-19,2835.7481321820965,Historical,,
2022-10-20,3274.069475742512,Historical,,
2022-10-21,3196.2604917347467,Historical,,
2022-10-22,2943.2922951607375,Historical,,
2022-10-23,2869.0423184332767,Historical,,
2022-10-24,2890.999375026411,Historical,,
2022-10-25,2995.384642946334,Historical,,
2022-10-26,2673.94591200376,Historical,,
2022-10-27,2832.9868780858096,Historical,,
2022-10-28,2556.8364213431496,Historical,,
2022-10-29,2976.621067849657,Historical,,
2022-10-30,3032.5698226205504,Historical,,
2022-10-31,2812.9773063792927,Historical,,
2022-11-01,3231.0244386759127,Historical,,
2022-11-02,2677.8136757434163,Historical,,
2022-11-03,2636.957464200287,Historical,,
2022-11-04,2981.712982540422,Historical,,
2022-11-05,3153.355604834396,Historical,,
2022-11-06,3287.956518702906,Historical,,
2022-11-07,2866.7494022057294,Historical,,
2022-11-08,3181.736426126567,Historical,,
2022-11-09,2965.8897573350087,Historical,,
2022-11-10,2946.772792292246,Historical,,
2022-11-11,3165.8510379322747,Historical,,
2022-11-12,3127.516775460469,Historical,,
2022-11-13,2689.8175896990606,Historical,,
2022-11-14,3308.556872326968,Historical,,
2022-11-15,3297.527070170189,Historical,,
2022-11-16,2904.761695605698,Historical,,
2022-11-17,3117.5040114609164,Historical,,
2022-11-18,3145.720205177186,Historical,,
2022-11-19,3107.719710332595,Historical,,
2022-11-20,2954.2927439542186,Historical,,
2022-11-21,2938.894020159935,Historical,,
2022-11-22,3077.066944725753,Historical,,
2022-11-23,3325.7747908906263,Historical,,
2022-11-24,3209.0903984866627,Historical,,
2022-11-25,3035.4769968558785,Historical,,
2022-11-26,3273.255152935952,Historical,,
2022-11-27,2558.606397193858,Historical,,
2022-11-28,3367.5494211607943,Historical,,
2022-11-29,2799.41459636897,Historical,,
2022-11-30,3084.507784552528,Historical,,
2022-12-01,2942.7759797058297,Historical,,
2022-12-02,2917.5608074608126,Historical,,
2022-12-03,3418.5205336390095,Historical,,
2022-12-04,3102.741689433989,Historical,,
2022-12-05,3275.5758695893405,Historical,,
2022-12-06,3206.9482613882606,Historical,,
2022-12-07,3321.8596382637334,Historical,,
2022-12-08,3251.994431464184,Historical,,
2022-12-09,2990.267329042727,Historical,,
2022-12-10,3456.4096370788625,Historical,,
2022-12-11,3168.7478568001425,Historical,,
2022-12-12,2966.57570160317,Historical,,
2022-12-13,3202.7095566118164,Historical,,
2022-12-14,3598.970231771544,Historical,,
2022-12-15,3479.3910486924733,Historical,,
2022-12-16,3250.184993549003,Historical,,
2022-12-17,3260.670433073849,Historical,,
2022-12-18,3276.8368791467915,Historical,,
2022-12-19,3767.1882816220505,Historical,,
2022-12-20,3438.9309593207217,Historical,,
2022-12-21,3459.2852700953513,Historical,,
2022-12-22,3590.0920821739446,Historical,,
2022-12-23,3442.5745364002287,Historical,,
2022-12-24,3353.8099279895823,Historical,,
2022-12-25,3377.167850014527,Historical,,
2022-12-26,3412.952306255545,Historical,,
2022-12-27,3430.675585755794,Historical,,
2022-12-28,3594.5036105265344,Historical,,
2022-12-29,3470.2321957126933,Historical,,
2022-12-30,3617.241450679646,Historical,,
2022-12-31,3465.443086244572,Historical,,
2023-01-01,3508.186407359265,Historical,,
2023-01-02,3103.689649074922,Historical,,
2023-01-03,3697.4606376739353,Historical,,
2023-01-04,3594.3504666544136,Historical,,
2023-01-05,3735.502268366149,Historical,,
2023-01-06,2967.4839090623163,Historical,,
2023-01-07,3975.2293883350003,Historical,,
2023-01-08,3540.438174306617,Historical,,
2023-01-09,3800.773976512504,Historical,,
2023-01-10,3381.914678450334,Historical,,
2023-01-11,3723.1837166706787,Historical,,
2023-01-12,3400.6510069879637,Historical,,
2023-01-13,3497.255123003148,Historical,,
2023-01-14,4015.4571013684,Historical,,
2023-01-15,3605.1209039493347,Historical,,
2023-01-16,3697.312678898749,Historical,,
2023-01-17,3838.368077025648,Historical,,
2023-01-18,3773.9765933220974,Historical,,
2023-01-19,3715.3645042261724,Historical,,
2023-01-20,3768.6658315934174,Historical,,
2023-01-21,4186.699648390798,Historical,,
2023-01-22,3704.783271245418,Historical,,
2023-01-23,3766.7625606234374,Historical,,
2023-01-24,3946.852210914991,Historical,,
2023-01-25,3967.9456139600784,Historical,,
2023-01-26,3994.3037724014557,Historical,,
2023-01-27,3894.6369192420475,Historical,,
2023-01-28,3548.216645823175,Historical,,
2023-01-29,4113.362008387801,Historical,,
2023-01-30,3567.193767297781,Historical,,
2023-01-31,3866.7039247472303,Historical,,
2023-02-01,3664.9602824041162,Historical,,
2023-02-02,3812.548854127605,Historical,,
2023-02-03,3900.6103652734005,Historical,,
2023-02-04,3908.528836816349,Historical,,
2023-02-05,3937.957092106534,Historical,,
2023-02-06,4185.544690776531,Historical,,
2023-02-07,3962.6506777966197,Historical,,
2023-02-08,3832.163718550406,Historical,,
2023-02-09,4082.771544442703,Historical,,
2023-02-10,4136.713127594203,Historical,,
2023-02-11,3662.066284337366,Historical,,
2023-02-12,4035.738650581911,Historical,,
2023-02-13,4065.0640482213207,Historical,,
2023-02-14,3873.785867952975,Historical,,
2023-02-15,4216.805367854203,Historical,,
2023-02-16,3919.9128847442835,Historical,,
2023-02-17,3983.192074130976,Historical,,
2023-02-18,3931.50623989802,Historical,,
2023-02-19,3977.169563613931,Historical,,
2023-02-20,3762.6195348731253,Historical,,
2023-02-21,3701.5711767785683,Historical,,
2023-02-22,4316.073557737264,Historical,,
2023-02-23,3835.254280089395,Historical,,
2023-02-24,3813.7233542299823,Historical,,
2023-02-25,3588.5588374998697,Historical,,
2023-02-26,3898.55783616625,Historical,,
2023-02-27,3768.722405608827,Historical,,
2023-02-28,4368.609028215967,Historical,,
2023-03-01,4248.9091363831985,Historical,,
2023-03-02,3915.9281366578653,Historical,,
2023-03-03,4510.529330921436,Historical,,
2023-03-04,4262.749458602296,Historical,,
2023-03-05,4007.6532917121863,Historical,,
2023-03-06,3578.8294759873843,Historical,,
2023-03-07,4542.856894007285,Historical,,
2023-03-08,3812.5772627796077,Historical,,
2023-03-09,3767.0999454584403,Historical,,
2023-03-10,4306.245268134869,Historical,,
2023-03-11,4595.095724574501,Historical,,
2023-03-12,4389.275510520077,Historical,,
2023-03-13,4230.33922452291,Historical,,
2023-03-14,4241.504622231341,Historical,,
2023-03-15,4298.092309754564,Historical,,
2023-03-16,4283.908683547894,Historical,,
2023-03-17,4192.932616227535,Historical,,
2023-03-18,4161.962833274202,Historical,,
2023-03-19,4132.888542516221,Historical,,
2023-03-20,3998.7544824412494,Historical,,
2023-03-21,4097.407738176047,Historical,,
2023-03-22,3818.8013529024083,Historical,,
2023-03-23,4141.428892155323,Historical,,
2023-03-24,3966.9364113826146,Historical,,
2023-03-25,3947.347915486775,Historical,,
2023-03-26,4207.308746850476,Historical,,
2023-03-27,4452.847207467155,Historical,,
2023-03-28,4361.079348831027,Historical,,
2023-03-29,3866.1374198814756,Historical,,
2023-03-30,3984.9854972859443,Historical,,
2023-03-31,4373.5908965195995,Historical,,
2023-04-01,3991.3165880442857,Historical,,
2023-04-02,4145.116685163658,Historical,,
2023-04-03,4302.134834936124,Historical,,
2023-04-04,4000.3885305591666,Historical,,
2023-04-05,4216.917534353106,Historical,,
2023-04-06,3930.674493536504,Historical,,
2023-04-07,4078.6955573550063,Historical,,
2023-04-08,4264.267531008957,Historical,,
2023-04-09,3882.9072937889773,Historical,,
2023-04-10,4290.649040158675,Historical,,
2023-04-11,4199.528101598845,Historical,,
2023-04-12,4314.709142227528,Historical,,
2023-04-13,4249.6038369416265,Historical,,
2023-04-14,4478.113814568744,Historical,,
2023-04-15,4230.650741053743,Historical,,
2023-04-16,4119.900814448455,Historical,,
2023-04-17,4230.274095001846,Historical,,
2023-04-18,4314.364123366082,Historical,,
2023-04-19,4215.224410397361,Historical,,
2023-04-20,4213.177315215701,Historical,,
2023-04-21,4064.1267100545388,Historical,,
2023-04-22,4071.271254510047,Historical,,
2023-04-23,3922.5179649834135,Historical,,
2023-04-24,4552.004052510139,Historical,,
2023-04-25,3952.228797679485,Historical,,
2023-04-26,4061.1971961678137,Historical,,
2023-04-27,4054.7386576802314,Historical,,
2023-04-28,4375.913019339911,Historical,,
2023-04-29,4136.313513191752,Historical,,
2023-04-30,4443.095593008767,Historical,,
2023-05-01,4056.9623999449814,Historical,,
2023-05-02,4245.44355086065,Historical,,
2023-05-03,4020.4316175657377,Historical,,
2023-05-04,4614.260586525827,Historical,,
2023-05-05,3945.315577149874,Historical,,
2023-05-06,4242.28005160566,Historical,,
2023-05-07,4304.429501059521,Historical,,
2023-05-08,4257.671180752755,Historical,,
2023-05-09,4134.97157716959,Historical,,
2023-05-10,4143.064753598337,Historical,,
2023-05-11,4174.67457003685,Historical,,
2023-05-12,4133.280449978923,Historical,,
2023-05-13,4352.112069986176,Historical,,
2023-05-14,4597.984727555599,Historical,,
2023-05-15,4040.8158308065504,Historical,,
2023-05-16,3874.679560638879,Historical,,
2023-05-17,4127.2033840518925,Historical,,
2023-05-18,4656.916758594749,Historical,,
2023-05-19,3976.252357716801,Historical,,
2023-05-20,4460.72214871966,Historical,,
2023-05-21,4464.251485895753,Historical,,
2023-05-22,4013.7091417044458,Historical,,
2023-05-23,4233.843745514576,Historical,,
2023-05-24,4441.253635938816,Historical,,
2023-05-25,4035.1847836982506,Historical,,
2023-05-26,4065.6411433608923,Historical,,
2023-05-27,3985.2808293494027,Historical,,
2023-05-28,3893.840452205326,Historical,,
2023-05-29,3962.028166347777,Historical,,
2023-05-30,3842.1067157710095,Historical,,
2023-05-31,4088.643923154106,Historical,,
2023-06-01,3922.6885834573354,Historical,,
2023-06-02,4118.222147810512,Historical,,
2023-06-03,3754.9955254460638,Historical,,
2023-06-04,4126.990582998822,Historical,,
2023-06-05,4222.092663250575,Historical,,
2023-06-06,3651.1468091758697,Historical,,
2023-06-07,4119.149350034549,Historical,,
2023-06-08,4284.255282431957,Historical,,
2023-06-09,3791.1184134246487,Historical,,
2023-06-10,4361.830266245173,Historical,,
2023-06-11,4105.335170673165,Historical,,
2023-06-12,3874.6933713770136,Historical,,
2023-06-13,3998.657495304644,Historical,,
2023-06-14,4115.545871461203,Historical,,
2023-06-15,4013.1067841540457,Historical,,
2023-06-16,4099.640602077075,Historical,,
2023-06-17,3801.6993178002326,Historical,,
2023-06-18,4013.61423505,Historical,,
2023-06-19,3690.873082418222,Historical,,
2023-06-20,3945.2130456582095,Historical,,
2023-06-21,3780.4898665528262,Historical,,
2023-06-22,3807.95190888615,Historical,,
2023-06-23,4196.038913388711,Historical,,
2023-06-24,4160.823081683672,Historical,,
2023-06-25,4058.1103855326505,Historical,,
2023-06-26,3711.5253687162935,Historical,,
2023-06-27,3860.397385371822,Historical,,
2023-06-28,4159.978303324626,Historical,,
2023-06-29,3939.3729128279806,Historical,,
2023-06-30,4368.559830659481,Historical,,
2023-07-01,3977.018057824636,Historical,,
2023-07-02,3930.423605306921,Historical,,
2023-07-03,3823.8510564510325,Historical,,
2023-07-04,3906.0469228111324,Historical,,
2023-07-05,3842.515541349777,Historical,,
2023-07-06,4008.310931981611,Historical,,
2023-07-07,4051.720813662783,Historical,,
2023-07-08,3696.8876185018703,Historical,,
2023-07-09,3581.560623678303,Historical,,
2023-07-10,3474.3069189873922,Historical,,
2023-07-11,3936.908639933081,Historical,,
2023-07-12,3608.423555874116,Historical,,
2023-07-13,3392.331895436229,Historical,,
2023-07-14,3894.4680110616487,Historical,,
2023-07-15,4309.226105198447,Historical,,
2023-07-16,3803.320053230592,Historical,,
2023-07-17,3966.177023257203,Historical,,
2023-07-18,3808.828437792625,Historical,,
2023-07-19,3766.709852359588,Historical,,
2023-07-20,3964.372257716044,Historical,,
2023-07-21,3716.617620588248,Historical,,
2023-07-22,3822.315365969099,Historical,,
2023-07-23,3827.3920443162456,Historical,,
2023-07-24,3623.7035640631757,Historical,,
2023-07-25,3950.055257924681,Historical,,
2023-07-26,3711.0382845505583,Historical,,
2023-07-27,3589.3253023659468,Historical,,
2023-07-28,3842.283369739968,Historical,,
2023-07-29,3549.8601390405374,Historical,,
2023-07-30,3729.8298487417096,Historical,,
2023-07-31,3717.079507173472,Historical,,
2023-08-01,3930.864155451927,Historical,,
2023-08-02,3803.480689028405,Historical,,
2023-08-03,3698.468111082187,Historical,,
2023-08-04,3862.0378564337543,Historical,,
2023-08-05,3971.61798341424,Historical,,
2023-08-06,3800.3133210859155,Historical,,
2023-08-07,3686.081580541987,Historical,,
2023-08-08,3416.9906935888957,Historical,,
2023-08-09,3461.771228026492,Historical,,
2023-08-10,3609.2762014062196,Historical,,
2023-08-11,3544.0390414767753,Historical,,
2023-08-12,3624.2626882771215,Historical,,
2023-08-13,3668.7994693032515,Historical,,
2023-08-14,3759.3195515152747,Historical,,
2023-08-15,3635.2936252789705,Historical,,
2023-08-16,3742.808806997771,Historical,,
2023-08-17,3654.622998362004,Historical,,
2023-08-18,3242.960770875784,Historical,,
2023-08-19,3446.6210659535955,Historical,,
2023-08-20,3602.2145141831575,Historical,,
2023-08-21,3385.7484730818323,Historical,,
2023-08-22,3744.4417423128884,Historical,,
2023-08-23,3927.48954487839,Historical,,
2023-08-24,3862.091533349006,Historical,,
2023-08-25,3572.7683365061775,Historical,,
2023-08-26,3910.839374451565,Historical,,
2023-08-27,3639.785853834843,Historical,,
2023-08-28,3540.115816775289,Historical,,
2023-08-29,3482.456978275337,Historical,,
2023-08-30,3542.3733064393596,Historical,,
2023-08-31,3523.088189830538,Historical,,
2023-09-01,3632.7909916360177,Historical,,
2023-09-02,3628.935889690628,Historical,,
2023-09-03,3595.6740271352,Historical,,
2023-09-04,3680.827761952921,Historical,,
2023-09-05,3830.077416117873,Historical,,
2023-09-06,3780.500863315944,Historical,,
2023-09-07,3292.387233506952,Historical,,
2023-09-08,3077.4953411015326,Historical,,
2023-09-09,3774.193234859177,Historical,,
2023-09-10,3313.141094251353,Historical,,
2023-09-11,3540.8901439602473,Historical,,
2023-09-12,3351.286689767878,Historical,,
2023-09-13,3224.5197881064505,Historical,,
2023-09-14,3692.956300036828,Historical,,
2023-09-15,3736.384709619815,Historical,,
2023-09-16,3469.2842691358255,Historical,,
2023-09-17,3066.55397300153,Historical,,
2023-09-18,3475.8336537302034,Historical,,
2023-09-19,3663.9080629064897,Historical,,
2023-09-20,3290.3748068557497,Historical,,
2023-09-21,3623.584594526324,Historical,,
2023-09-22,3584.7522095534805,Historical,,
2023-09-23,3704.720531379581,Historical,,
2023-09-24,3613.9732014570554,Historical,,
2023-09-25,3396.7853976331135,Historical,,
2023-09-26,3832.202979767428,Historical,,
2023-09-27,3562.819924225366,Historical,,
2023-09-28,3590.8499425207942,Historical,,
2023-09-29,3411.5902650088206,Historical,,
2023-09-30,3511.668506553309,Historical,,
2023-10-01,3425.593662397346,Historical,,
2023-10-02,3570.342401048033,Historical,,
2023-10-03,3949.798843383131,Historical,,
2023-10-04,3335.7505027622924,Historical,,
2023-10-05,3290.239964748761,Historical,,
2023-10-06,3910.1555872551608,Historical,,
2023-10-07,3577.1736199045213,Historical,,
2023-10-08,3488.4879452927617,Historical,,
2023-10-09,3833.6945766210915,Historical,,
2023-10-10,3508.148346493028,Historical,,
2023-10-11,3998.177498922576,Historical,,
2023-10-12,3772.410692673125,Historical,,
2023-10-13,3543.2385901109483,Historical,,
2023-10-14,4076.422746511649,Historical,,
2023-10-15,3528.1026748701793,Historical,,
2023-10-16,3802.0930149228757,Historical,,
2023-10-17,3718.103822445432,Historical,,
2023-10-18,3923.307331835931,Historical,,
2023-10-19,3980.1167574017604,Historical,,
2023-10-20,3679.21170125539,Historical,,
2023-10-21,3527.2637510674645,Historical,,
2023-10-22,3775.2174572358504,Historical,,
2023-10-23,3553.094016271312,Historical,,
2023-10-24,4096.86602661018,Historical,,
2023-10-25,3727.1835820388937,Historical,,
2023-10-26,3632.635582203116,Historical,,
2023-10-27,3748.593714165556,Historical,,
2023-10-28,3448.3234456348246,Historical,,
2023-10-29,3529.6491030485668,Historical,,
2023-10-30,3970.408883690984,Historical,,
2023-10-31,3605.4312104669852,Historical,,
2023-11-01,3534.0403569036134,Historical,,
2023-11-02,3857.4928262714384,Historical,,
2023-11-03,3994.1687385969476,Historical,,
2023-11-04,3907.8087483835375,Historical,,
2023-11-05,3970.340948895225,Historical,,
2023-11-06,3627.0074301195377,Historical,,
2023-11-07,3501.3595888532445,Historical,,
2023-11-08,4093.462457253502,Historical,,
2023-11-09,3736.2509508888174,Historical,,
2023-11-10,3758.3271164114967,Historical,,
2023-11-11,4081.9533462268478,Historical,,
2023-11-12,3935.493669080012,Historical,,
2023-11-13,3923.4690429343286,Historical,,
2023-11-14,4273.444738784102,Historical,,
2023-11-15,3720.0006206867665,Historical,,
2023-11-16,4042.6377289459474,Historical,,
2023-11-17,3876.94139717495,Historical,,
2023-11-18,3927.828091115385,Historical,,
2023-11-19,4188.474109872415,Historical,,
2023-11-20,3993.1163934033248,Historical,,
2023-11-21,4008.0733769795684,Historical,,
2023-11-22,4123.8746938080985,Historical,,
2023-11-23,3845.433908552272,Historical,,
2023-11-24,3759.7239015220703,Historical,,
2023-11-25,3727.833491890989,Historical,,
2023-11-26,3552.839560353177,Historical,,
2023-11-27,4366.751814730033,Historical,,
2023-11-28,3744.350075364135,Historical,,
2023-11-29,3930.302094829532,Historical,,
2023-11-30,3928.828780277468,Historical,,
2023-12-01,4055.386765614977,Historical,,
2023-12-02,4166.84001253495,Historical,,
2023-12-03,4185.64534125735,Historical,,
2023-12-04,3906.8619094046735,Historical,,
2023-12-05,4000.0462179080114,Historical,,
2023-12-06,4100.043834683854,Historical,,
2023-12-07,4003.908715004495,Historical,,
2023-12-08,4385.294635878229,Historical,,
2023-12-09,4172.256231630189,Historical,,
2023-12-10,4231.3272978214945,Historical,,
2023-12-11,4227.270894587983,Historical,,
2023-12-12,4339.782320254283,Historical,,
2023-12-13,4151.732367967837,Historical,,
2023-12-14,3866.647351475609,Historical,,
2023-12-15,4216.479758042397,Historical,,
2023-12-16,4016.8395090943063,Historical,,
2023-12-17,4051.994105009679,Historical,,
2023-12-18,4285.632160563383,Historical,,
2023-12-19,4426.690766618705,Historical,,
2023-12-20,4193.993651643722,Historical,,
2023-12-21,4262.239010599024,Historical,,
2023-12-22,4551.67384771672,Historical,,
2023-12-23,4270.162807914736,Historical,,
2023-12-24,4753.150447411898,Historical,,
2023-12-25,4356.735216379928,Historical,,
2023-12-26,3902.3154737292907,Historical,,
2023-12-27,4415.983824700766,Historical,,
2023-12-28,4352.404846197791,Historical,,
2023-12-29,4544.989036789878,Historical,,
2023-12-30,4432.545172912619,Historical,,
2023-12-31,4281.0906728916325,Historical,,
2024-01-01,4074.7951894602697,Historical,,
2024-01-02,4288.720601946235,Historical,,
2024-01-03,4171.286479313677,Historical,,
2024-01-04,4236.143548935964,Historical,,
2024-01-05,4480.811394700437,Historical,,
2024-01-06,4707.91135299343,Historical,,
2024-01-07,4463.684220765546,Historical,,
2024-01-08,4156.374954952712,Historical,,
2024-01-09,4495.253414231125,Historical,,
2024-01-10,4656.417628626668,Historical,,
2024-01-11,4305.867822216386,Historical,,
2024-01-12,4411.726153710207,Historical,,
2024-01-13,4452.142021510245,Historical,,
2024-01-14,4302.866635400693,Historical,,
2024-01-15,4600.10893829287,Historical,,
2024-01-16,4456.831941963344,Historical,,
2024-01-17,4575.456487091397,Historical,,
2024-01-18,4324.537247589254,Historical,,
2024-01-19,4424.984530554871,Historical,,
2024-01-20,4667.345370087823,Historical,,
2024-01-21,4458.645368346885,Historical,,
2024-01-22,4888.895268320914,Historical,,
2024-01-23,4473.810981579618,Historical,,
2024-01-24,4608.8537442859415,Historical,,
2024-01-25,4760.554061165196,Historical,,
2024-01-26,4300.42003212487,Historical,,
2024-01-27,4241.924579862152,Historical,,
2024-01-28,4298.88183287735,Historical,,
2024-01-29,4866.387990035115,Historical,,
2024-01-30,4513.286684145126,Historical,,
2024-01-31,5145.0121562551685,Historical,,
2024-02-01,4530.161400098606,Historical,,
2024-02-02,4689.482251507708,Historical,,
2024-02-03,4970.475341148375,Historical,,
2024-02-04,5072.671438780216,Historical,,
2024-02-05,5093.0691240088545,Historical,,
2024-02-06,4931.671150505525,Historical,,
2024-02-07,4903.951790078213,Historical,,
2024-02-08,4826.695902870867,Historical,,
2024-02-09,4872.8217934404565,Historical,,
2024-02-10,4615.777353965666,Historical,,
2024-02-11,4571.1435381024,Historical,,
2024-02-12,4742.779212551845,Historical,,
2024-02-13,4717.988042676253,Historical,,
2024-02-14,4669.848426181614,Historical,,
2024-02-15,4908.136962105317,Historical,,
2024-02-16,4968.180511286988,Historical,,
2024-02-17,4802.953628117131,Historical,,
2024-02-18,5088.822088387942,Historical,,
2024-02-19,4572.911398693032,Historical,,
2024-02-20,4770.33812781832,Historical,,
2024-02-21,4673.412356598963,Historical,,
2024-02-22,4451.060689099752,Historical,,
2024-02-23,4815.305880006617,Historical,,
2024-02-24,4814.847789866685,Historical,,
2024-02-25,5149.122276291135,Historical,,
2024-02-26,4979.707990037203,Historical,,
2024-02-27,4655.698466846582,Historical,,
2024-02-28,5238.219976877627,Historical,,
2024-02-29,5118.347925041839,Historical,,
2024-03-01,4997.173213809229,Historical,,
2024-03-02,4841.940817504704,Historical,,
2024-03-03,4701.703981281377,Historical,,
2024-03-04,4825.373680621795,Historical,,
2024-03-05,5123.655810325033,Historical,,
2024-03-06,5288.781108098155,Historical,,
2024-03-07,5226.335929208861,Historical,,
2024-03-08,4825.605277914659,Historical,,
2024-03-09,4705.003162497235,Historical,,
2024-03-10,4962.517960110984,Historical,,
2024-03-11,4585.928541127499,Historical,,
2024-03-12,5009.386410771491,Historical,,
2024-03-13,4920.228704060648,Historical,,
2024-03-14,4861.397365046951,Historical,,
2024-03-15,4640.377819559278,Historical,,
2024-03-16,5066.609820169699,Historical,,
2024-03-17,4861.777911973541,Historical,,
2024-03-18,4738.619268376164,Historical,,
2024-03-19,4402.2904249803505,Historical,,
2024-03-20,4975.235239961372,Historical,,
2024-03-21,5339.03850249753,Historical,,
2024-03-22,5320.544127845945,Historical,,
2024-03-23,4900.43084891764,Historical,,
2024-03-24,4874.81883427967,Historical,,
2024-03-25,5092.2802352568815,Historical,,
2024-03-26,4801.965129782673,Historical,,
2024-03-27,5064.969875016555,Historical,,
2024-03-28,5160.649063705145,Historical,,
2024-03-29,5255.493236798969,Historical,,
2024-03-30,4992.601311048062,Historical,,
2024-03-31,4974.27478413865,Historical,,
2024-04-01,4841.642265233847,Historical,,
2024-04-02,4853.943811745338,Historical,,
2024-04-03,4975.957110573685,Historical,,
2024-04-04,5096.511001909246,Historical,,
2024-04-05,5207.391985188891,Historical,,
2024-04-06,4865.528763431278,Historical,,
2024-04-07,5326.04432539445,Historical,,
2024-04-08,4974.476787708893,Historical,,
2024-04-09,5025.476101119004,Historical,,
2024-04-10,4881.208792976714,Historical,,
2024-04-11,4546.558566711607,Historical,,
2024-04-12,5208.825556823,Historical,,
2024-04-13,5179.849975414558,Historical,,
2024-04-14,4976.535796522617,Historical,,
2024-04-15,5046.375533540576,Historical,,
2024-04-16,5136.197905358305,Historical,,
2024-04-17,4720.3908136035925,Historical,,
2024-04-18,4926.837328285058,Historical,,
2024-04-19,5191.107380321387,Historical,,
2024-04-20,4780.862630404138,Historical,,
2024-04-21,5089.758491875659,Historical,,
2024-04-22,4758.918125840768,Historical,,
2024-04-23,5122.570167781553,Historical,,
2024-04-24,5021.068615720342,Historical,,
2024-04-25,4703.94733996799,Historical,,
2024-04-26,5258.563449107601,Historical,,
2024-04-27,4877.205296013511,Historical,,
2024-04-28,4860.4484288693775,Historical,,
2024-04-29,5060.856485342305,Historical,,
2024-04-30,5248.583462101593,Historical,,
2024-05-01,4813.675822042308,Historical,,
2024-05-02,5027.032465609381,Historical,,
2024-05-03,5098.18952845936,Historical,,
2024-05-04,5148.651849830503,Historical,,
2024-05-05,5042.799688037797,Historical,,
2024-05-06,4931.464024478534,Historical,,
2024-05-07,4836.588784554808,Historical,,
2024-05-08,5016.453352976503,Historical,,
2024-05-09,4781.796558569999,Historical,,
2024-05-10,4408.837646364202,Historical,,
2024-05-11,5077.188278558249,Historical,,
2024-05-12,5167.31868226653,Historical,,
2024-05-13,4510.489107551058,Historical,,
2024-05-14,4777.563514288225,Historical,,
2024-05-15,5099.666476177831,Historical,,
2024-05-16,5383.5543550865805,Historical,,
2024-05-17,4972.329100021065,Historical,,
2024-05-18,4818.582150487016,Historical,,
2024-05-19,4923.5149668319755,Historical,,
2024-05-20,5230.8820743321985,Historical,,
2024-05-21,4822.4294216432345,Historical,,
2024-05-22,4787.404195769565,Historical,,
2024-05-23,4846.2210742988,Historical,,
2024-05-24,4747.540077666101,Historical,,
2024-05-25,4958.086746002418,Historical,,
2024-05-26,5253.74817125514,Historical,,
2024-05-27,4988.6031203892,Historical,,
2024-05-28,4868.608442357817,Historical,,
2024-05-29,4855.727982762449,Historical,,
2024-05-30,4596.384535185026,Historical,,
2024-05-31,5080.500652520594,Historical,,
2024-06-01,4883.0929934719,Historical,,
2024-06-02,4857.274139390762,Historical,,
2024-06-03,5526.631517546999,Historical,,
2024-06-04,4942.332920024021,Historical,,
2024-06-05,4726.731195093219,Historical,,
2024-06-06,4786.261984246023,Historical,,
2024-06-07,5095.606093198745,Historical,,
2024-06-08,4882.896166692541,Historical,,
2024-06-09,4566.855660636255,Historical,,
2024-06-10,5032.572623137092,Historical,,
2024-06-11,4709.262392842995,Historical,,
2024-06-12,5211.666333501791,Historical,,
2024-06-13,5047.085569521885,Historical,,
2024-06-14,4735.636794161909,Historical,,
2024-06-15,5075.28814335692,Historical,,
2024-06-16,4826.600605943681,Historical,,
2024-06-17,4977.492272689327,Historical,,
2024-06-18,4897.7580126802095,Historical,,
2024-06-19,4625.382394351874,Historical,,
2024-06-20,4659.7568958043885,Historical,,
2024-06-21,4988.2455283424315,Historical,,
2024-06-22,4709.060679347411,Historical,,
2024-06-23,4689.026832338515,Historical,,
2024-06-24,4572.453712903441,Historical,,
2024-06-25,4841.9032021916,Historical,,
2024-06-26,5163.379526581509,Historical,,
2024-06-27,4531.047647900029,Historical,,
2024-06-28,4743.068888856648,Historical,,
2024-06-29,5014.333501168325,Historical,,
2024-06-30,4709.621679118716,Historical,,
2024-07-01,4809.683608680959,Historical,,
2024-07-02,4500.391111084253,Historical,,
2024-07-03,4792.195628718303,Historical,,
2024-07-04,4662.776123047072,Historical,,
2024-07-05,4891.03066320196,Historical,,
2024-07-06,4925.053028038912,Historical,,
2024-07-07,5199.193706429277,Historical,,
2024-07-08,4790.929316454668,Historical,,
2024-07-09,4733.902724346583,Historical,,
2024-07-10,4701.382702288136,Historical,,
2024-07-11,4585.659085968851,Historical,,
2024-07-12,4717.802250141161,Historical,,
2024-07-13,4584.867475549747,Historical,,
2024-07-14,4671.513864387911,Historical,,
2024-07-15,4895.249210082258,Historical,,
2024-07-16,4424.3658227330425,Historical,,
2024-07-17,4847.633745731017,Historical,,
2024-07-18,4877.106263887886,Historical,,
2024-07-19,4584.13872314237,Historical,,
2024-07-20,4177.497017046357,Historical,,
2024-07-21,4474.467973157928,Historical,,
2024-07-22,4849.646859811361,Historical,,
2024-07-23,4579.943509754105,Historical,,
2024-07-24,4378.98180898049,Historical,,
2024-07-25,4472.270719066093,Historical,,
2024-07-26,4735.793806987523,Historical,,
2024-07-27,4671.523582088258,Historical,,
2024-07-28,4508.962782986905,Historical,,
2024-07-29,4478.024202327044,Historical,,
2024-07-30,4467.747144115643,Historical,,
2024-07-31,4356.398472808007,Historical,,
2024-08-01,4858.811647768399,Historical,,
2024-08-02,4466.204876411042,Historical,,
2024-08-03,4769.111768180894,Historical,,
2024-08-04,4825.035151417362,Historical,,
2024-08-05,4715.608906867233,Historical,,
2024-08-06,4424.882461451796,Historical,,
2024-08-07,4587.299425548344,Historical,,
2024-08-08,4497.150306785479,Historical,,
2024-08-09,4316.776237553224,Historical,,
2024-08-10,4558.008805675047,Historical,,
2024-08-11,4253.044458064349,Historical,,
2024-08-12,4722.2008294382385,Historical,,
2024-08-13,4387.653008606346,Historical,,
2024-08-14,4516.820779487453,Historical,,
2024-08-15,4529.361519963854,Historical,,
2024-08-16,4417.142588081261,Historical,,
2024-08-17,4582.588311863708,Historical,,
2024-08-18,4366.702880814936,Historical,,
2024-08-19,4632.486952241027,Historical,,
2024-08-20,4185.686953022801,Historical,,
2024-08-21,4476.927379645024,Historical,,
2024-08-22,4836.320645643405,Historical,,
2024-08-23,4245.468365510523,Historical,,
2024-08-24,4307.103384009346,Historical,,
2024-08-25,4542.671184435454,Historical,,
2024-08-26,4473.164186204435,Historical,,
2024-08-27,4504.854498275706,Historical,,
2024-08-28,4530.170404435155,Historical,,
2024-08-29,4557.007004871435,Historical,,
2024-08-30,4649.858989352126,Historical,,
2024-08-31,4507.866945968718,Historical,,
2024-09-01,4375.765029979041,Historical,,
2024-09-02,4556.7750307671595,Historical,,
2024-09-03,4800.61198240479,Historical,,
2024-09-04,4392.616879306185,Historical,,
2024-09-05,4222.8796427156485,Historical,,
2024-09-06,4637.978428476424,Historical,,
2024-09-07,4391.398802713302,Historical,,
2024-09-08,3979.9908108306117,Historical,,
2024-09-09,4583.196636786619,Historical,,
2024-09-10,4305.973054570097,Historical,,
2024-09-11,4394.398105941014,Historical,,
2024-09-12,4478.507409158353,Historical,,
2024-09-13,4449.959157773781,Historical,,
2024-09-14,4553.639508409189,Historical,,
2024-09-15,4324.684542589296,Historical,,
2024-09-16,4514.579058487825,Historical,,
2024-09-17,4360.368675286012,Historical,,
2024-09-18,4560.504825425578,Historical,,
2024-09-19,4536.426084835282,Historical,,
2024-09-20,4227.020337583671,Historical,,
2024-09-21,4632.206070045183,Historical,,
2024-09-22,4308.86500985865,Historical,,
2024-09-23,4578.86415485255,Historical,,
2024-09-24,4492.05211591179,Historical,,
2024-09-25,4787.720882215651,Historical,,
2024-09-26,4377.0281097784855,Historical,,
2024-09-27,4353.642958621238,Historical,,
2024-09-28,4421.55540306801,Historical,,
2024-09-29,4366.884467646852,Historical,,
2024-09-30,4589.738053013233,Historical,,
2024-10-01,4108.864958767496,Historical,,
2024-10-02,4223.916130947488,Historical,,
2024-10-03,4223.765614454822,Historical,,
2024-10-04,4630.20923014092,Historical,,
2024-10-05,4785.239663694921,Historical,,
2024-10-06,4425.343979049497,Historical,,
2024-10-07,4415.733615808839,Historical,,
2024-10-08,4466.919539186609,Historical,,
2024-10-09,4688.842582384134,Historical,,
2024-10-10,4274.70039679717,Historical,,
2024-10-11,4511.694782374326,Historical,,
2024-10-12,4663.055865118672,Historical,,
2024-10-13,4572.375405268614,Historical,,
2024-10-14,4514.357450212691,Historical,,
2024-10-15,4681.078626456539,Historical,,
2024-10-16,3944.794315186381,Historical,,
2024-10-17,4625.7296052844495,Historical,,
2024-10-18,4364.194848853001,Historical,,
2024-10-19,4133.879759493041,Historical,,
2024-10-20,4607.383312463794,Historical,,
2024-10-21,4785.1502051027155,Historical,,
2024-10-22,4488.342854718291,Historical,,
2024-10-23,4711.958953967539,Historical,,
2024-10-24,4849.527634842172,Historical,,
2024-10-25,4795.878250604444,Historical,,
2024-10-26,4866.84602628895,Historical,,
2024-10-27,4693.3696691772375,Historical,,
2024-10-28,4566.254105953112,Historical,,
2024-10-29,4237.128407144763,Historical,,
2024-10-30,4514.793036057371,Historical,,
2024-10-31,4401.96870179886,Historical,,
2024-11-01,,Forecast,4563.029546598537,4592.499189807979
2024-11-02,,Forecast,4572.493307380844,4628.947311044822
2024-11-03,,Forecast,4546.945193927091,4605.8502982682385
2024-11-04,,Forecast,4553.711829899514,4634.0203565627135
2024-11-05,,Forecast,4545.799048454548,4646.41148453619
2024-11-06,,Forecast,4546.594328131307,4665.006685526719
2024-11-07,,Forecast,4547.921352851292,4661.273589663288
2024-11-08,,Forecast,4547.590710260543,4660.930131542878
2024-11-09,,Forecast,4547.89710808187,4698.278773612876
2024-11-10,,Forecast,4547.829418287173,4675.428033560724
2024-11-11,,Forecast,4547.7588133741565,4703.1833442739
2024-11-12,,Forecast,4547.782561935439,4714.5109490181485
2024-11-13,,Forecast,4547.769715069885,4731.425035194612
2024-11-14,,Forecast,4547.774518737847,4725.442744880813
2024-11-15,,Forecast,4547.77754798483,4722.3487193259725
2024-11-16,,Forecast,4547.776070950984,4756.527694614578
2024-11-17,,Forecast,4547.776582831168,4730.1839479659375
2024-11-18,,Forecast,4547.77633426827,4754.229677365276
2024-11-19,,Forecast,4547.776211383097,4761.74608284251
2024-11-20,,Forecast,4547.776301936101,4774.867428184231
2024-11-21,,Forecast,4547.776277826473,4765.232804412371
2024-11-22,,Forecast,4547.776289670518,4758.747340752131
2024-11-23,,Forecast,4547.776293911808,4789.91147183474
2024-11-24,,Forecast,4547.776288909262,4761.037152569508
2024-11-25,,Forecast,4547.77629017082,4783.133193232789
2024-11-26,,Forecast,4547.776289675604,4789.363568298675
2024-11-27,,Forecast,4547.776289541198,4801.9290559820765
2024-11-28,,Forecast,4547.77628980186,4792.516998772886
2024-11-29,,Forecast,4547.776289727795,4787.060988440001
2024-11-30,,Forecast,4547.776289747773,4820.06912915683
2024-12-01,,Forecast,4547.776289751552,4793.839800957029
2024-12-02,,Forecast,4547.776289738882,4819.347111782534
2024-12-03,,Forecast,4547.776289743276,4829.699891830479
2024-12-04,,Forecast,4547.776289742472,4847.024571746354
2024-12-05,,Forecast,4547.776289742351,4842.91670430019
2024-12-06,,Forecast,4547.776289742939,4843.202887947761
2024-12-07,,Forecast,4547.776289742684,4882.271687644146
2024-12-08,,Forecast,4547.77628974272,4862.292405167704
2024-12-09,,Forecast,4547.776289742726,4894.103807530465
2024-12-10,,Forecast,4547.776289742699,4910.676579913237
2024-12-11,,Forecast,4547.776289742714,4933.999752217583
2024-12-12,,Forecast,4547.776289742712,4935.535763764364
2024-12-13,,Forecast,4547.776289742712,4940.985829393539
2024-12-14,,Forecast,4547.776289742713,4984.624109755141
2024-12-15,,Forecast,4547.776289742712,4968.5194505976015
2024-12-16,,Forecast,4547.776289742712,5003.426719698141
2024-12-17,,Forecast,4547.776289742712,5022.251437666731
2024-12-18,,Forecast,4547.776289742712,5046.937893160264
2024-12-19,,Forecast,4547.776289742712,5048.925361739794
2024-12-20,,Forecast,4547.776289742712,5053.914060823347
2024-12-21,,Forecast,4547.776289742712,5096.199328054387
2024-12-22,,Forecast,4547.776289742712,5077.892788170821
2024-12-23,,Forecast,4547.776289742712,5109.812553012111
2024-12-24,,Forecast,4547.776289742712,5124.946182155265
2024-12-25,,Forecast,4547.776289742712,5145.336640356018
2024-12-26,,Forecast,4547.776289742712,5142.535929766823
2024-12-27,,Forecast,4547.776289742712,5142.36809959524
2024-12-28,,Forecast,4547.776289742712,5179.260200247832
2024-12-29,,Forecast,4547.776289742712,5155.460034070343
2024-12-30,,Forecast,4547.776289742712,5181.922839255745
2024-12-31,,Forecast,4547.776289742712,5191.770728701974
2025-01-01,,Forecast,4547.776289742712,5207.175214059987
2025-01-02,,Forecast,4547.776289742712,5199.80758419919
2025-01-03,,Forecast,4547.776289742712,5195.598926711061
2025-01-04,,Forecast,4547.776289742712,5229.068437812041
2025-01-05,,Forecast,4547.776289742712,5202.538941325501
2025-01-06,,Forecast,4547.776289742712,5227.0218102873105
2025-01-07,,Forecast,4547.776289742712,5235.675156837936
2025-01-08,,Forecast,4547.776289742712,5250.6856502829305
2025-01-09,,Forecast,4547.776289742712,5243.718747223197
2025-01-10,,Forecast,4547.776289742712,5240.679121752051
2025-01-11,,Forecast,4547.776289742712,5276.039925283042
2025-01-12,,Forecast,4547.776289742712,5252.059766234184
2025-01-13,,Forecast,4547.776289742712,5279.669558943282
2025-01-14,,Forecast,4547.776289742712,5291.933050903653
2025-01-15,,Forecast,4547.776289742712,5310.9313208710355
2025-01-16,,Forecast,4547.776289742712,5308.215955592558
2025-01-17,,Forecast,4547.776289742712,5309.572610364711
2025-01-18,,Forecast,4547.776289742712,5349.353495888916
2025-01-19,,Forecast,4547.776289742712,5329.697592707314
2025-01-20,,Forecast,4547.776289742712,5361.420654283334
2025-01-21,,Forecast,4547.776289742712,5377.478722586612
2025-01-22,,Forecast,4547.776289742712,5399.855368934982
2025-01-23,,Forecast,4547.776289742712,5400.017295648744
2025-01-24,,Forecast,4547.776289742712,5403.6799410828335
2025-01-25,,Forecast,4547.776289742712,5445.141579076443
2025-01-26,,Forecast,4547.776289742712,5426.5046752317485
2025-01-27,,Forecast,4547.776289742712,5458.566535733726
2025-01-28,,Forecast,4547.776289742712,5474.282961332545
2025-01-29,,Forecast,4547.776289742712,5495.65512228895
